category,question,options
General,"Would you rather climb a building without a rope, be on a plane with a drunk pilot, or ride a unicycle down a steep hill?"
General,"Who is the funniest character on The Big Bang Theory: Leonard, Howard or Raj?"
General,"How many roads must a man walk down before you all him a man?"
General,"Is it acceptable to leave the house without wearing underwear?"
General,"What is the best decade for music?"
General,"Toilet roll: should the loose sheet be on the outside away from the wall or on the inside nearer the wall?"
General,"What is the smallest number of cows that you can still call a herd?"
General,"What would you rather: run around the street naked, take a selfie of yourself on the toilet and post it on social media, or have someone slap you hard across the face?"
General,"If you had to choose, which would be your preferred life partner: Donald Trump, Boris Johnson or Liz Truss"
General,"Would you rather live on the antarctic for a month or on the international space station for three months?"
General,"There are two people tied to a rail track. On an adjacent track there is one person tied to it. The train is coming down the track heading straight for the two people. If you pull a level, the train will change track and kill the one person on the adjacent track. Do you pull the switch and have a hand in killing someone or choose not to intervene?"
General,"Which produces the better sound: a saxophone, acoustic guitar or harmonica?"
General,"What is the best type of chocolate: white, milk or dark?"
General,"Would you rather be a pirate, a con artist or a bank robber?"
General,"If from now on you can only eat one type of food, what would it be?"
General,"Who would win in a fight between Pinocchio and Little Red Riding Hood?"
General,"What is the maximum number of days that you can wear socks without washing them?"
General,"Which would take the longest: eating 1,000 grains of basmati rice with chopsticks or swimming 1,000 metres?"
General,"Name a hobby beginning with K"
General,"What is the best part of November 5th: the bonfire or the fireworks?"
General,"What's the weirdest looking animal?"
General,"Who do you wish lived in our world: Batman, Wonder Woman or Spiderman?"
General,"What is the best part of a Sunday lunch?"
General,"Name a cartoon character"
General,"What is the best TV show: Only Fools and Horses, Red Dwarf or Fawlty Towers"
General,"What would be your preferred pet: a python or a tarantula?"
General,"What is the most English country that isn't England?"
General,"Who hosts the wildest parties: David Bowie, Boris Johnson or Braveheart?"
General,"Name a type of dancing"
General,"What is your least favourite season?"
General,"Name a bank"
General,"Name a food beginning with H"
General,"What is your favorite thing to put ketchup on?"
General,"What kind of food would you like to take a bath in?"
General,"If you had to pick one food to eat for the rest of your life, what would it be?"
General,"Would you rather have ice cream,cake or cookies?"
General,"What’s the best pizza topping?"
General,"What is the best soup?"
General,"What’s the best ice cream sundae topping?"
General,"If a friend was going to throw food at you, what would you choose?"
General,"If you had a magical tree that grew any food you wanted, what would you grow?"
General,"Would you rather have a popsicle or a pickle or peanuts?"
General,"If you could create magical cupcakes, what power would they give you?"
General,"What’s the best pet?"
General,"What’s the best subject?"
General,"What kind of car do you want when you’re older?"
General,"What’s your favorite book?"
General,"What’s your favorite tv show?"
General,"What’s your favorite sports team?"
General,"Would you rather ride a horse,, motorcycle or in a convertible?"
General,"Would you rather have a pet unicorn, sloth or dragon?"
General,"Would you rather live someplace that's warm all the time or someplace where there's always snow on the ground?"
General,"What's your favorite animal?"
General,"What do you like to do most when you go to a playground?"
General,"Whos’ the best superhero?"
General,"Who’s the best princess?"
General,"If you could learn any language what would it be?"
General,"If you could play any instrument what would it be?"
General,"What is something related to vampires."
General,"What is a house that you never want to be in."
General,"What’s something you only wear for special events?"
General,"If you could go to the Land of Oz, what one thing would you ask the Wizard for?"
General,"Name a popular Vacation destination"
General,"Name a fruit you might eat in the morning"
General,"Name something people lose often"
General,"Name a popular type of pie"
General,"Name a type of flower"
General,"Name a famous cartoon character"
General,"Name something people are often afraid of"
General,"Name a common household chore"
General,"Name a popular sport"
General,"Name something people do to relax"
General,"Name a piece of furniture people commonly have in their bedroom"
General,"Name a fast-food chain."
General,"Name a car brand"
General,"Name a popular board game."
General,"Name a social media platform"
General,"Name a job in the medical field"
General,"Name a type of cake"
General,"Name a body part people often injure."
General,"Name a vegetable that kids refuse to eat"
General,"Name a popular fairy tale"
General,"Name a popular holiday movie"
General,"Name a brand of shoe"
General,"Name a type of seafood."
General,"Name a popular candy bar"
General,"Name a hobby people have."
General,"Name a type of cheese."
General,"Name something you do when you are sick."
General,"Name something kids love about summer."
General,"Name a place where you have to be quiet."
General,"Name something cold."
General,"Name a color of the rainbow."
General,"Name something hot."
General,"Name something an astronaut sees in space."
General,"Name something a kid might do right before going to bed."
General,"Name something people write with."
General,"Name something you might see at the beach."
General,"Name something a person does when he/she feels happy"
General,"Name a way people get from one place to another."
General,"Name something you would put in a bath."
General,"Name a food you might eat at Thanksgiving"
General,"Name a tree that has fruit on it."
General,"Name a popular Christmas carol."
General,"Name an occupation in which you might wear a hat. Name something you might climb"
General,"Name an animal you might see on a farm."
General,"Name something you might spread on toast."
General,"Name a plant someone might grow in their garden."
General,"What’s something you might find on the ground of a messy bedroom."
General,"Name something associated with pirates."
General,"Name something associated with a princess."
General,"Name something associated with Halloween."
General,"Name something you might find in a haunted house."
General,"Name a word that rhymes with “honey.”"
General,"Name something kids throw at each other."
General,"Name something kids lose a lot."
General,"Name a place kids aren’t allowed to touch things."
General,"Name a character from Frozen"
General,"Name an excuse you might tell for why you don’t have your homework."
General,"Name something you can find in a cave."
General,"Name something you might put on a salad."
General,"Name a Star Wars character."
General,"Name something that usually comes in pairs."
General,"Name something you really don’t want to find in the dark."
General,"Name something you have to charge regularly."
General,"Name something you wouldn’t want to buy used."
General,"Name something you might see in a sandwich."
General,"Name a food kids love to eat for breakfast."
General,"Name a well-known dinosaur."
General,"Name something you never want to find in your restaurant food."
General,"Name an animal that would make a horrible pet."
General,"Tell me something a person might do once a week."
General,"Name a reason someone might be up at 2 in the morning."
General,"Name something you might put on your hamburger."
General,"Name a country that speaks Spanish?"
General,"Name a material you would need to build a treehouse."
General,"Name the most expensive item in a person’s home."
General,"Name something you might see out on the ocean."
General,"Name an animal that would be very quiet if you kept it as a pet."
General,"Tell me the most important meal of the day."
General,"Name a type of ball you might play with for fun."
General,"What’s something you can do that is good for the environment?"
General,"Name a reason a teacher might want to talk to a student’s parents."
General,"Name a specific card game."
General,"Name something you might see in an old deserted mansion."
General,"Name a big city in the United States."
General,"Name something that melts when it gets hot."
General,"What’s something you might close your eyes to do?"
General,"Name something you really don’t want to see when you open your closet."
General,"Name something a bug might do."
General,"Name something parents tell their children not to touch."
General,"Name a day you get up early."
General,"Name something you might see on a treasure map."
General,"What might wake a young person up in the morning?"
General,"Name something you’re told to do while you dance the Hokey Pokey."
General,"Name a sound you might hear if you were near a barn."
General,"Tell me a word that rhymes with "power"."
Family Feud,"Choose a house that you never want to be in.","- Haunted house - Big house - Doghouse - Drug house - Small house - Glass house"
Family Feud,"Choose something related to vampires.","- Twilight - Bloodsucker - Garlic - Bat - Cape - Dracula - Fangs"
Family Feud,"Choose something that a baker might call his wife in a bakery.","- Honey - Oven - Sweetie - Cupcake - Muffin - Sugar - Doughy"
Family Feud,"Choose a thing that only comes out on special events from a person’s closet.","- Suit  - Dress - Jewellery  - Dress shoes"
Family Feud,"If you can go to the land of OZ then what <a href="https://thepleasantconversation.com/would-you-rather-questions-for-kids/" data-wpel-link="internal" rel="follow noopener noreferrer">would you</a> ask the wizard for?","- Money - Health - Brain - Peace on earth - Love - Magic power"
Family Feud,"Choose that you see a commercial for during a basketball game.","- Car - Basketball equipment - Basketball games - Restaurants - Medication - Beer"
Family Feud,"Choose a word that rhymes with election.","- Selection - Erection - Perfection - Detection - Rejection - Collection - Section"
Family Feud,"While entering the bathroom, which color do you really want to not see in the toilet bowl?","- Yellow - Green - Brown - Red - Pink - Black"
Family Feud,"If your dog ran away, choose something that you are surprised he took with him.","- The cat - Leash - Food - His bike - Clothes - Bed/Pillow - Favorite toy"
Family Feud,"What is a thing that you can keep in your car by chance?","- Money - Food water - First aid kit - Map - Flare  - Gas can"
Family Feud,"Select An occasion for which you might wear your favorite underwear.","- Hot Date - Job Interview - Casino/Gambling - Sporting Event - Wedding/Night - Anniversary - Valentine’s Day"
Family Feud,"Give an example of something you would find on a breakfast buffet.","- Eggs - Sausage - Juice - Coffee - Melon - Cereal - Bacon"
Family Feud,"What would most people try to buy a husband with if there was a store that just sold husbands?","- Job - Personality/ Humor - Warranty - Character - Back account - Head of hair - Brain"
Family Feud,"Name a professional sport in which the players are well compensated.","- Football - Basketball - Baseball - Tenis - Darts"
Family Feud,"Describe what you would do if the person next to you on a plane had B.O.","- Change Sears - Cover face - Turn head - Enjoying it - Spray perfume - Sleep - Hang in bathroom"
Family Feud,"Choose Marvel’s avengers.","- Captain America - Iron man - Black Panther - The hulk - Thor - Black widow - Spiderman"
Family Feud,"Name a place where teenagers go where there’s always a killer on the loose in horror movies.","- Cabin/Camp - Graveyard - Movie theater - Basement - Bathroom - Bedroom - Party"
Family Feud,"Name a state with a lot of sports teams.","- New York - California - Florida - Texas - Pennsylvania"
Family Feud,"Name a location to which a wife would be furious if her husband took her on her anniversary.","- Strip joint - Sporting event - Tacky restaurant - Bar/Club - Car show - The movies - His parent’s house"
Family Feud,"Name a Place Where Snowmen Might Have Nightmares About.","- Sun/beach weather - Fire/Flame - Blow dryers - Rain - Snowplow - Drought - Snowballs"
Family Feud,"Name a Common Candy Bar Component.","- Chocolate - Peanuts - Caramel - Almonds - Nougat - Coconut"
Family Feud,"Name a type of insurance.","- Car - Health - Life - Home - Flood - Travel"
Family Feud,"Name something a woman who has a crush on Santa would leave out instead of cookies.","- Better food - Lingerie - Phone number - Sexy pictures - Love letter - Herself - Booze"
Family Feud,"Name anything you’d buy after you’ve gotten engaged.","- Dress - Ring - Drinks - Dinner"
Family Feud,"Name something other than letters that might have holes.","- Swiss cheese - Clothes - Story - Fishing net - Colander - Screen - Road"
Family Feud,"Name something that a naughty child does to Santa.","- Pull his beard - Bite - Go to bathroom - No cookies - Poison milk - Cuss out - Farts on him - Stays up"
Family Feud,"Name something people get in the mail other than letters.","- Junk mails - Magazines - Bills - Packages - Postcards - Checks"
Family Feud,"Choose a large-population country.","- China - India - US - Brazil - Mexico"
Family Feud,"Name something with which a squirrel might get into a battle if it tries to steal his nuts.","- Birds - Another squirrel - Chipmunk - Cat - Dog - Rabbit - Human"
Family Feud,"Choose a type of building where it always seems to be cold.","- Dark office - Work - Classroom - Hotel room - Igloo"
Family Feud,"What do people do with their armpits?","- Shave or wax - Put deodorant - Make noise - Rub it - Sniff it - Wash them"
Family Feud,"Name something that you might think your house is haunted.","- Noise - Moving objects - Flickering lights - Door open and close - Ghosts"
Family Feud,"What is something that grows faster than you want?","- Hair - Weeds - Kid or baby - Belly or weight - Nails - Debt or expenses"
Family Feud,"Choose something that might be brewing.","- Coffee - Tea - Trouble - Storm - Plot"
Family Feud,"Name an occupation that starts with the letter ‘J’.","- Janitor - Judge - Jewelers - Jockey - Journalist"
Family Feud,"What is something that you see your neighbor doing while wearing a bathrobe?","- Getting newspaper - Watering plants - Removing trash - Washing the car - Gardening"
Family Feud,"Choose which starts with the word Chow.","- Chowmein - Chowder - Chowhound - Chow Chow - Chow down"
Family Feud,"What is something that is licked?","- Ice cream - Lollipop - Stamp - Envelope - Your lips"
Family Feud,"Choose an activity that needs your lips.","- Kissing - Talking - Singing - Whistling - Playing flute - Licking your lips"
Family Feud,"Choose an animal that a snake can swallow.","- Mouse - Crocodile - Rabbit - Dog - Pig - Cat"
Family Feud,"What’s the word that you can replace with woman?","- Lady - Female - Girl - Broad - Gal"
Family Feud,"What’s something that you see outside and would make you want to stay inside?","- Bad weather or storm - Animals - Zombies - Fire or smoke - Bad celebrities"
Family Feud,"Fill in the blank– “Raging ______”","- Bull - Waters - Fire - Hormones - Rapids"
Family Feud,"Choose an animal that you never want to eat and start with the letter “C”.","- Cat - Camel - Cougar - Cow - Cheetah - Coyote"
Family Feud,"Other than feet, name something that runs.","- Water or toilet - Engine or car - Refrigerator - Nose - Clock"
Family Feud,"Choose a thing that a person might keep in a cellar.","- Wine - Canned Goods - Dead bodies - Tools or hooks - Furnace - Gun"
Family Feud,"What can be another word for “rear end”?","- Buttocks - Backside - Derriere - Bottom - Heine"
Family Feud,"What can be a nickname that someone gives their lover and starts with the word “Sugar”?","- Sugar pie - Sugar bear - Sugar daddy - Sugarplum - Sugar lips"
Family Feud,"What can be an activity that is easier to do in extreme wind?","- Fly a kite - Sail - Surf - Air dry clothes"
Family Feud,"What’s something that might get rained out?","- Sporting event - Picnic - Parade - Outdoor concert"
Family Feud,"What’s something that kids line up for in school?","- Lunch or snack - Recess - Fire drill - School bus"
Family Feud,"What’s is the most useful and important part of our body that starts with the letter “L”.","- Legs - Lips - Lungs - Liver"
Family Feud,"Which gift kids don’t want to open on Christmas morning?","- Underwear - Socks - Hygiene products - Books - Puzzles"
Family Feud,"What can be Santa’s reindeer?","- Rudolph - Comet - Donner - Blitzen - Cupid - Dasher"
Family Feud,"Who was present at the first Christmas?","- Jesus - Mary - Joseph - Angels - Animals"
Family Feud,"Which drunk can be served at a Christmas party?","- Eggnog - Apple cider - Hot cocoa - Punch - Soft drinks"
Family Feud,"Which state someone might want to travel to for Christmas?","- Hawaii - New York - Florida - Colorado - Alaska"
Family Feud,"What is the tradition for Christmas Eve?","- Opening event - Going to church - Dinner at Grandma’s - Reading bible story - Looking Christmas light"
Family Feud,"Which gift is difficult to wrap up?","- Basketball - Football - Stuffed animals - Pet - Bike"
Family Feud,"What’s something that is on every mother’s Christmas wish list?","- Babysitting - Sleep or nap - Spa day - Gift card - Jewelry"
Family Feud,"Which place is remaining open on Christmas day?","- Grocery store - Gas station - Movie theater - Airport - Hospital - Hotel"
Family Feud,"Which dish do people enjoy most during Christmas dinner?","- Ham - Turkey - Sweet potatoes - Stuffing - Cranberry sauce - Green bean"
Family Feud,"Which item would you need to dress up as a Santa Claus?","- Santa hat - Beard - Big belly - Red coat - Black boots"
Family Feud,"Which is the classic kid movie for Christmas day or celebration?","- Home alone - Elf - The Grinch - A Christmas Story"
Family Feud,"Which is the most popular Christmas quote?","- We wish you a Merry Christmas - Jingle bells - Frosty the snowman - Deck the halls - Joy to the world - Silent night"
Family Feud,"Which is the first thing that people might start doing after Christmas on December 1st?","- Listening to Christmas music - Christmas shopping - Decorating tree - Putting up lights - Sending cards"
Family Feud,"Which desert people want to eat a lot at Christmas time?","- Cookies - Pie - Pudding - Fruitcake"
Family Feud,"What are some of the plants for Christmas?","- Cactus - Poinsettia - Holly - Christmas tree - Mistletoe"
Family Feud,"Which item can be found at the North Pole?","- Igloo - Ice - Elves - Reindeer"
Family Feud,"Which famous Christmas animation plays on TV every single year?","- The polar express - Arthur Christmas - A Christmas Carol - Mickey’s Christmas carol"
Family Feud,"What do you love about Christmas the most?","- Food - Gifts - Decoration - Gatherings - Family trips"
Family Feud,"Which city can one travel to for the Christmas holiday?","- Paris - New york - Florida - Dubai"
Family Feud,"What are some of the boring gifts that you want to give your spouse on Christmas?","- Handkerchief - Bread - Underwear - Nothing"
Family Feud,"What are some of the clothes that you can easily find in the closet of Santa?","- Scarf - Red coat - Belt - Gloves"
Family Feud,"What are some of the activities that people usually do the day after Christmas?","- Relaxing - Watching Christmas - Cleaning - Opening gifts"
Family Feud,"Apart from chicken, what other things would make Christmas dinner incomplete if they are missing from the menu?","- Turkey - Potato - Wine - Hum"
Family Feud,"What scent is famously associated with Christmas Eve?","- Cranberry - Cinnamon - Candy - Chocolate"
Family Feud,"Whom would you like to buy the Christmas present for?","- Family - Friends - Pet - Relatives"
Family Feud,"How many weeks before Christmas, the Christmas card will be sent?","- One week - Two weeks - Three weeks - Four weeks"
Family Feud,"Who are some of the difficult people to buy gifts for during the Christmas holiday?","- Teenagers - Grandparents - In-laws - You"
Family Feud,"When do people start the decoration and preparation for Christmas?","- Before a week - Before two weeks - In November - Two days before"
Family Feud,"Which term is used for the game of bowling?","- Strike - Spare - Pin - Turkey"
Family Feud,"What did you do in your kindergarten days that you are still thinking about doing every day now?","- Nap - Toys or play - Color or paint - Get free snacks"
Family Feud,"What is hardcore football fans used to wear to the stadium on game day?","- Team or jersey color - Body paint - Hat - Foam head or finger"
Family Feud,"Which word rhymes with honey?","- Money - Funny - Bunny - Sunny"
Family Feud,"Which is a type of hoop?","- Hula hoop - Basketball hoop - Hoop earrings - Hoop skirt"
Family Feud,"Which drink can be served as both hot and cold?","- Tea - Coffee - Milk - Cider"
Family Feud,"What do you usually hang up?","- The phone - Clothes or coat - A towel - A picture"
Family Feud,"What do you hate to see on the bottom of your shoe?","- Gum - Poop - Mud or dirt - Tissue"
Family Feud,"What people used to decorate?","- Christan tree - House or apartments - Cake - Easter eggs"
Family Feud,"What does a baby do when you kiss its tummy?","- Laugh - Squeal - Fart - Kick"
Family Feud,"When you were a child, who could see right through your lies?","- Mom or dad - Grandma or grandpa - Teacher - Friend"
Family Feud,"What can be a type of chip?","- Potato - Chocolate - Poker - Micro"
Family Feud,"Which is the most popular ride at a carnival?","- Ferris wheel - Carousel - Roller coaster - Tilt a whirl"
Family Feud,"What is the thing that people take out?","- Food or Chinese - The trash - Money - Pet"
Family Feud,"Other than a person, name a thing that people love to hug?","- Pets - Pillow - Trees - Teddy bear"
Family Feud,"Which word rhymes perfectly with buckle?","- Knuckle - Suckle - Chuckle - Huckle"
Family Feud,"In which place are you supposed to be quiet?","- Library - Church - Theater - bedroom"
Family Feud,"What do you find hard to do with open eyes?","- Dream - Squeeze - Kiss - Swim or dive"
Family Feud,"What is a thing that you would find on top of a poker table?","- Poker chips - Cards - Money - Green felt"
Family Feud,"What is the reason you might get rid of an old family heirloom?","- Broken - Ugly - Divorce - Need money"
Family Feud,"Where do kids spend most of their time nowadays?","- Room - School - Internet - Friend’s house"
Family Feud,"What is a thing that many people do just once a week?","- Church - Shopping - Laundry - Eat out"
Family Feud,"Why might a person wake up at 2:00 in the morning”?","- Bathroom - Child - Bad dream - Heard a noose - Work"
Family Feud,"What is something that you might eat along with a hamburger?","- French fries - Soup - Salad - Onion rings"
Family Feud,"What is something that you haven’t done since high school gym class?","- Run a mile - Dodgeball - Push-ups - Lift weight"
Family Feud,"Who is the most popular character on the TV show Friends?","- Rachel - Joey - Ross - Chandler - Monica"
Family Feud,"What can be something that you can buy which costs a dollar or less?","- Fruit - Fast food - Soft drink - Newspaper - Stamp"
Family Feud,"In which country do people speak Spanish?","- Spain - Mexico - US - Cuba"
Family Feud,"What can be a liquid in your kitchen that you hope no one ever drinks by mistake?","- Soap - Vinegar - Cooking oil - Soy sauce"
Family Feud,"When you don’t want to go to school, what excuse do you make for an illness?","- Stomachache - Fever - Headache - Ear pain"
Family Feud,"Why do you love the summer season?","- Summer vacation - Winter vacation - Weather - No homework"
Family Feud,"What is the one thing that your parents told you to not waste?","- Water - Mandy - Time - Life"
Family Feud,"What is the favorite snack of kids at the movie theater?","- Popcorn - Nachos - French fries - Chips"
Family Feud,"What is the one thing that you never forget to pack on a trip?","- Money - Underwear - Medicines - Toothbrush"
Family Feud,"When do kids close their eyes?","- Sleep - Prayer - Horror movie - Hide and seek"
Family Feud,"What do you find on a man’s arm?","- Watch - Bracelet - Tattoo - Hair"
Family Feud,"What is something that you put in their front yard?","- Garden gnome - Flowering plants - Fence - Letterbox"
Family Feud,"Which household work do kids hate to do?","- Cleaning the room - Walking the dog - Mowing the lawn - Raking leaves"
Family Feud,"What does a wrestler not wear during the match?","- Pants - Glasses - Shirt - Jewelry"
Family Feud,"What did mom tell their kids to do before dinner?","- Wash hands - Set the table - Do homework - Pray"
Family Feud,"Who has fangs?","- Vampires - Snake - Wolf - Tiger"
Family Feud,"Why do kids often manage to lose?","- Money - Toys - Books - Pencil box"
Family Feud,"What does a dog do most of the time?","- Sleep - Eat - Baek - Play"
Family Feud,"Where do kids not want to visit often?","- Dentist - School - Bed - Shopping"
Family Feud,"What would you do if you put hot food in your mouth?","- Spit out - Gulp it - Drink water - Choke"
Family Feud,"Which word has a key in it?","- Monkey - Donkey - Key chain - Keyboard"
Family Feud,"What is the one thing that you do before going to bed?","- Prayer - Brush teeth - Drink water - Change clothes"
Family Feud,"What would you do when you fall sick?","- Not go-to school - Sleep - Go to doctor - Throw up"
Family Feud,"What is something that is cold?","- Ice - Water - Popsicle - Weather"
Family Feud,"When does your teacher want to talk to your parents?","- Bad grades - Bullying - Not doing homework - Cheating in exams"
Family Feud,"In a deserted house, what would you find?","- Dust - Spiders - Rats - Ghosts"
Family Feud,"What is used for writing?","- Pen - Chalk - Crayon - Paintbrush"
Family Feud,"What do you like about salad?","- Lettuce - Tomato - Chicken - Dressing"
Family Feud,"What melts when it gets hot?","- Snow - Chocolate - Candle - Butter"
Family Feud,"What is used in a sandwich?","- Bread - Butter - Peanut - Jam"
Family Feud,"What do you need for making a smoothie?","- Milk - Blender - Ice - Fruit"
Family Feud,"Which food is served with melted butter on top?","- Toast - Pancakes - Paratha - Corn"
Family Feud,"What do people keep in their car while going to the beach?","- Umbrellas - Beach chairs - Towels - Coolers"
Family Feud,"Which things do we use until they are worn out?","- Jeans - Shoes - Phone charger - Cooking pan"
Family Feud,"What kind of punishment do parents give to their children?","- Grounded - Time out - No TV - No dessert"
Family Feud,"What should we drink to keep us warm?","- Tea - Coffee - Soup - Milk"
Family Feud,"What can be spoiled?","- Mood - Food - Kids - Day"
Family Feud,"What do we usually do during the weekends?","- Cleaning - Laundry - Cooking - Watching movie"
Family Feud,"What things do you do with friends?","- Talk - Laugh - Play - Eat"
Family Feud,"What do people donate?","- Blood - Clothes - Old you’d - Money"
Family Feud,"What is a thing that you don’t like to get in mail?","- Spam mails - Ads - Bulk mails - Product catalog"
Family Feud,"What do people do with an envelope before posting the same?","- Read the letter - Cold and place the letter inside - Seal it - Paste the stamp"
Family Feud,"What are you losing as you grow old?","- Hair - Vision - Memory - Teeth"
Family Feud,"What do you find in a hamburger?","- Bread - Lettuce - Tomato - Sauce"
Family Feud,"How do people go to the office or work?","- Car - Bus - Bike - Walk"
Family Feud,"What are things that people do while sleeping?","- Snore - Dream - Talk - Walk"
Family Feud,"What do you do on the weekend mornings?","- Wake up early - Eat breakfast - Check emails - Iron the clothes"
Family Feud,"What can you find under the cushion of the couch?","- Money - Keys - Small toys - Gum"
Family Feud,"Why do people wake up in the middle of the night?","- Bad dream - Visit bathroom - Thirst or hunger - Heard a noise"
Family Feud,"Why do people go to work late?","- Traffic - Getting up late - Weather - Car breakdown"
Family Feud,"What is the first thing you do in the morning?","- Visit bathroom - Turn off alarm - Brush teeth - Shower"
Family Feud,"Where do you not have cell phone reception?","- In basement - Inside tunnels - On mountains - In a flight"
Family Feud,"Which plant do you like to grow in your garden?","- Tomatoes - Roses - Thyme - Chilies"
Family Feud,"After taking a selfie, whom would you send it to?","- Spouse - Friends - Parents - Social media"
Family Feud,"To whom you went for advice?","- Parents - Spouse - Best friend - Boss or manager"
Family Feud,"What would you never leave home without?","- Mobile - Money - Water bottle - House keys"
Family Feud,"What chores do you tend to procrastinate on?","- Dishes - Cleaning room - Laundry - Grocery shopping"
Family Feud,"What is the benefit of working from home?","- No travel - Flexible working hours - Spend time with family - Save money"
Family Feud,"What do you keep in your wallet?","- Money - Credit card - Driver’s license - Bills"
Family Feud,"What are things you find annoying drivers for?","- Overtake from wrong side - Blowing the horn - Talk on phone - Drive too fast"
Family Feud,"What are places where you are not allowed to touch anything?","- Art gallery - Museum - Zoo - Gift shop"
Family Feud,"What can be another name for a restaurant?","- Diner - Cafe - Coffee shop - Cafeteria"
Family Feud,"If deserted on an island, what would you search for first?","- Water - Food - Help - Shelter"
Family Feud,"What are things you find in a park?","- Tress - Benches - Grass - Birds"
Family Feud,"What is the one fruit that takes time to break into?","- Coconut - Pomegranate - Jackfruit - Pineapple"
Family Feud,"Which is the animal that starts with the letter “M”?","- Money - Monkey - Mouse - Moose"
Family Feud,"Which Olympic game would you watch more often if it were played in the nude?","- Volleyball - Gymnastics - Swimming - Soccer"
Family Feud,"Where do you hide something you wanted to smuggle into prison?","- In a cake - Up the butt - Underwear - Shoe"
Family Feud,"On which topic a father may give advice to his son?","- Relationship - Jobs - Personal finance - Children or family"
Family Feud,"What is something that a person orders in a restaurant while dieting?","- Salad - Fish - Chicken - Water"
Family Feud,"How many hours of sleep do you need every night to wake up in the morning?","- 8 hours - 6 hours - 7 hours - 9 hours"
Family Feud,"Which language makes everything sound sexy?","- French - Italian - Spanish - British - German"
Family Feud,"Which part of the body do people see a plastic surgeon about?","- Boobs - Nose - Belly - Butt"
Family Feud,"What are some things that you don’t want to do on Sunday?","- Wake up early - Work - Chores - Cook"
Family Feud,"Which things would you do first if you inherited a million dollars?","- Quit job - New house and car - Vacation - Invest"
Family Feud,"Which fruit reminds you of a part of the human body?","- Banana - Peach - Watermelon - Coconut"
Family Feud,"Which athlete made the news for being involved in a big scandal?","- Lance Armstrong - Tiger Woods - Barry bonds - Michael Vick"
Family Feud,"Which place you might choose for a date who isn’t in a serious relationship?","- Bar - Club - College - Tinder"
Family Feud,"Which one food you might buy from a cart at the park?","- Ice cream - Hot dog - Soft drink - Water"
Family Feud,"Which month of the year have most of the baby’s born?","- November - September - March - December"
Family Feud,"Why do people take out a loan?","- Buy house - Buy car - Education - Pay debt"
Family Feud,"Which is a thing that is usually made out of rubber?","- Tire - Ball - Rubber band - Gloves"
Family Feud,"What do people try to do when they want to get out of speeding tickets?","- Cry - Flirt - Offer money - Ask for warning"
Family Feud,"What do the guests do at a wedding reception?","- Dance - Eat - Drink - Clap"
Family Feud,"How did people communicate before texting was invented?","- Phone calls - Letter - Telegram - Pager"
Family Feud,"What do people usually run out of at home?","- Milk - Toilet paper - Eggs - Bread"
Family Feud,"What are the things that you don’t like to discuss during holidays?","- Politics - Religion - Love life - Finance"
Family Feud,"What’s a thing that only happens once every few years?","- Eclipse - Leap year - Olympics - FIFA World Cup"
Family Feud,"What is an important number that people often use to memorize?","- Phone number - Bank routing number - Social security number - Driver’s license number"
Family Feud,"Which food frequently goes bad before you get the chance to eat it?","- Avocados - Banana - Fresh berries - Mushroom"
Family Feud,"What will you find in a home medicine cabinet?","- Rubbing alcohol - Bandages - Thermometer - Antibacterial ointment"
Family Feud,"What might you put in your coffee?","- Sugar - Ice - Syrup - Cream"
Family Feud,"Which is a thing that you keep on your office desk?","- Computer - Notepad - Pen stand - Water bottle"
Family Feud,"Which is the thing that gets tangled?","- Hair - Earphones - Rope - Long chains"
Family Feud,"What is the thing that people often misplace?","- Keys - Document - Phone - Remote"
Family Feud,"When do people throw a party?","- Birthday - Getting married - Promotion - Anniversary"
Family Feud,"How do you pass the time when on a flight?","- Sleep - Read - Watch a movie - Eat snacks"
Family Feud,"A profession that starts with the letter “T”.","- Teacher - Technician - Taxi driver - Truck driver"
Family Feud,"Which activities are scary and fun at the same time?","- Roller coaster - Drive fast - Skydiving - Bungee jumping"
Family Feud,"What do you find on a woman’s arm?","- Tattoo - Hair - Bracelet - Watch"
Family Feud,"What dogs bark at?","- Strangers - Another dog - Cats - When hungry"
Family Feud,"Which is the most popular female inspired costume?","- Wonder woman - Catwoman - Cinderella - Superwoman"
Family Feud,"Which is the famous superhero male costume?","- Superman - Spiderman - Batman"
Family Feud,"Which is the Halloween prank?","- Toilet papering houses and trees - Egging - Soaping windows - Smashing pumpkins"
Family Feud,"Which is the famous Halloween treat?","- Snickers bar - Candy - Chocolate - Popcorn"
Family Feud,"Which is a thing that trick-or-treat collects candy in?","- Plastic pumpkin - Pillowcase - Bag - Bucket"
Family Feud,"Which is the famous Halloween party decoration?","- Pumpkin - Spiderwebs - Spiders - Ghosts"
Family Feud,"Which game you might play at the Halloween party?","- Hide and seek - Scavenger hunt - Costume contest - Bobbing for apples"
Family Feud,"Which is a superstition related to Halloween?","- Black cat - Ghosts appear - Don’t walk under a ladder"
Family Feud,"Which is a scary Halloween character?","- Vampires - Ghost - Witch - Mummy"
Family Feud,"Which is the most famous Halloween movie?","- Halloween - Friday the 13th - Scream - Hocus pocus"
Family Feud,"Which is the most popular theme at Halloween dances?","- Monster mash - Thriller - Ghostbusters - Addams family theme"
Family Feud,"Which is an accessory that is essential to a witch’s costume?","- Broom - Balck hat - Pointed nose"
Family Feud,"Which is a thing that makes a haunted house scary?","- Scary movies - Darkness - Spiderwebs - Ghosts"
Family Feud,"Which is a thing that people decorate their yards with at Halloween?","- Pumpkin - Lights - Skeleton - Ghosts"
Family Feud,"Who played the vampire on the big screen?","- Tom cruise - Robert Pattinson - Boris Karloff - Brad Pitt"
Family Feud,"Which is the famous Halloween cookie cutter shape?","- Pumpkin - Ghost - Cat - Bat"
Family Feud,"What other name is Halloween sometimes known for?","- All Hallows eve - All saints eve - Trick or treat might - Devil’s night"
Family Feud,"Which is the scary Halloween sound effect?","- Screams - Boo - Creaking door - Spooky laugh"
Family Feud,"What do people wear to scare off evil spirits?","- Mask - Garlic - Cross - Crystal"
Family Feud,"Which beverage you might drink at a typical party holiday?","- Eggnog - Smoothie - Soft drinks - Shakes"
Family Feud,"Which gift a child may have for holidays?","- Apple - Pen - Diary - Bouquet"
Family Feud,"What do people forget to do before the holiday?","- Buying gifts - Spending holidays - Planning trips - Buying clothes"
Family Feud,"On which holiday would you like to go to the theater to see a movie?","- Christmas - New year - Easter"
Family Feud,"Other than Thanksgiving, which holiday do you celebrate with a lot of food?","- Christmas - New year - Easter"
Family Feud,"What is something that kids fight over during the holidays?","- Toys - Food - Sleep - Going out"
Family Feud,"Which relatives do you never see during the holidays?","- In laws - Paternal grandfather - Maternal grandparents - Aunt and uncle"
Family Feud,"Which pie filling is often used during the holidays?","- Pumpkin - Strawberry - Avocado - Apple"
Family Feud,"What is something that your house might smell like around the holidays?","- Cookies - Pine - Chocolate - Fruits"
Family Feud,"Which band or singer is living or dead with an old CD do you want for holidays?","- Beatles - Bing Crosby - BTS - Coldplay"
Family Feud,"Which is a modern day holiday movie?","- Santa Clause - Home alone - Avengers - Captain America"
Family Feud,"Which holiday is more fun for adults than kids?","- New year - Valentine - Christmas - Easter"
Family Feud,"Which holiday you might get dressed up for?","- Halloween - Easter - New year - Christmas"
Family Feud,"Name a game you play with your family on holidays.","- Charades - Pictionary - Family feud - Video games"
Family Feud,"In which city snows a lot during the holidays?","- Chicago - Denver - New York - Finland"
Family Feud,"How many toys does a child want for holidays?","- 10 - 14 - 5 - 8"
Family Feud,"During which holiday there are several sales?","- Christmas - Thanksgiving - 4th of July - New year"
Family Feud,"Which is a common holiday craft?","- Making ornaments - Painting - Tree trim - Card"
Family Feud,"If a person can’t cook then which thanksgiving food might they purchase instead of a bake?","- Cake - Turkey - Pumpkin pie - Stuffing"
Family Feud,"Which food do you eat on Thanksgiving but not during the rest of your life?","- Pumpkin pie - Stuffing - Cranberry sauce - Yams"
Family Feud,"What is something that people relate to thanksgiving?","- Turkey - Cranberry sauce - Family dinner - Pumpkin pie"
Family Feud,"Which thanksgiving food often comes from a box or can?","- Stuffing - Cranberry sauce - Corn - Yams"
Family Feud,"Which item a person might ask to bring to Thanksgiving who can’t cook well?","- Drinks - Salad - Dessert - Rolls"
Family Feud,"What kind of pants are best to wear when you are okay to overeat at Thanksgiving?","- Sweat pants - Jeans - Overall - Track pants"
Family Feud,"Which food on Thanksgiving causes the least damage if thrown out in a fight?","- Turkey - Stuffing - Mashed potatoes - Pie"
Family Feud,"Which image is often used in ads at thanksgiving?","- Turkey - Family dinner - Pilgrims - Native Americans"
Family Feud,"Which is something Snooki might say she is thankful for on Thanksgiving?","- New jersey - Men - Drinking - Tanning - Pickles"
Family Feud,"Apart from thanksgiving, which holiday do you celebrate with a lot of food?","- Christmas - Easter - Fourth of july - New year"
Family Feud,"Which Thanksgiving item do children make at school?","- Turkey - Pilgrim hat - Card - Indian headdress"
Family Feud,"Which movie would you like to invite for Thanksgiving dinner?","- Brad Pitt - Tom Hanks - Sean Penn - Julia Roberts"
Family Feud,"Which food would you make all the leftovers after thanksgiving?","- Turkey sandwich - Stew - Stuffing - Yams"
Family Feud,"What is something that people do on the day after thanksgiving?","- Shop - Rest - Sleep - Work"
Family Feud,"Which do people buy at the last minute of thanksgiving?","- Turkey - Talk - Yams - Pumpkin"
Family Feud,"What would you get on a Thanksgiving pizza?","- Turkey - Gravy - Yams - Pumpkin"
Family Feud,"Which holiday do you celebrate with a lot of food apart from thanksgiving?","- Christmas - New year - Easter - 4th of July"
Family Feud,"Which is the most popular tradition of Thanksgiving?","- Watching parades - Eating food - Visiting with family - Black Friday shopping"
Family Feud,"Name a team that plays on Thanksgiving.","- Green bay packers - New York jets - Miami dolphins - Dallas cowboys - Detroit lions"
Family Feud,"Which is the popular black Friday department store?","- Kohl’s - Best buy - Target - Wal-Mart"
Family Feud,"Which is the famous Macy’s Thanksgiving day float or balloon?","- Santa - Big bird - Snoopy - Barney"
Family Feud,"What is the most popular Thanksgiving dessert?","- Apple pie - Ice cream - Pecan pie - Pumpkin pie"
Family Feud,"Which woman’s name is popular today from the Bible?","- Mary - Sarah - Eve - Deborah"
Family Feud,"Which commandment is the average person most likely to break?","- Honor thy mother and father - Thou shalt not covet - Tbiyt shalt not steal - Thou shalt not commit adultery"
Family Feud,"If the plague of Egypt modified for modern times then what would be the most devastating thing god could send?","- Death of cell phones - Internet darkness - Murder hornets - Wrinkles"
Family Feud,"Which animal would take up most room in Noah’s ark?","- Elephant - Giraffe - Hippo - Whale - Bear"
Family Feud,"Which word is used more than any other in the Bible?","- Lord - Shall - Amen - Thou"
Family Feud,"Which biblical hero would you most like to have as a friend?","- Jesus - David - Noah - Moses"
Family Feud,"Which animal is mentioned many times in the Bible?","- Snake - Lion - Sheep - Ox"
Family Feud,"If you need to create a habitable world in six days then what is the first thing you would create?","- Light water - People - Plants - Animals - Heavens"
Family Feud,"Which gift the Three kings brought to baby Jesus?","- Frankincense - Myrrh - Gold - Silver - Food - Water"
Family Feud,"Which book from the Bible is longer than most other books?","- Jeremiah - Genesis - Psalms - Ezekiel"
Family Feud,"Which celebrity has the most plastic surgery done?","- Michale Jackson - Britney spears"
Family Feud,"What is something that neighbors often fight over?","- Noise - Kids - Parking - Pets"
Family Feud,"Which valve releases blood flow to the lungs?","- Bicuspid Valve - Tricuspid valve - Pulmonary semilunar valve - Aortic semilunar valve"
Family Feud,"What Star Wars Villian did Aniken Skywalker turn to in Star Wars Episode III?","- Darth Maul - Count Dooku - Darth Vader - The Emperor"
Family Feud,"What is something that you’d find in your school classrooms?","- Whiteboard - Chalkboard - Books - Posters"
Family Feud,"What produces light when it’s dark?","- Flashlight - Lightbulb - Fire - Sunlight"
Family Feud,"What do you and your friend do for fun?","- Ride bikes - Watch cartoons - Write a book - Plant flowers"
Family Feud,"Which activity you might do with your parents on the weekend?","- Going to concert - See family - Play with friends - Watch a movie"
Family Feud,"What is something that can make your mom and dad happy?","- Compliments - Doing homework - Writing a letter - Giving a card"
Family Feud,"Which food is healthy for you to be eating?","- Carrot - Celery - Broccoli - Lettuce"
Family Feud,"Which animal would you see in the zoo?","- Polar bear - Giraffe - Zebra - Lion"
Family Feud,"Which is the largest country?","- China - India - Russia - Canada"
Family Feud,"What is something that you might get in trouble with at school?","- Watch TV - Reading book - Doing homework - Doing chores"
Family Feud,"What is something that would make you not drive?","- Icy roads - Fog - Rain - Traffic"
Family Feud,"When would someone need to give a speech?","- Award show - Wedding - Funerals - Conference - Political events"
Family Feud,"What are some of the popular housewarming gifts?","- Towels - Plants - Wine bottle - Candles"
Family Feud,"Where people don’t want to wait in line?","- Hospital - Theme park - Restrooms - Theatres"
Family Feud,"What do people do to change their appearance?","- Dye their hair - Cut their hair - Change wardrobe - Lose weight"
Family Feud,"What items do you find in a cafe?","- Coffee - Sandwiches - Pastry - Tea"
Family Feud,"Which accent does an American pretend to have in order to sound sexier?","- French - British - Italian - Spanish - Australian"
Family Feud,"Which celebrity is so handsome that he could make a Santa suit look sexy?","- Brad Pitt - Tom Cruise - George Clooney - Will Smith"
Family Feud,"Which job makes a sex symbol even in initial age?","- Actor - Model - Dancer - President"
Family Feud,"Which sports uniform do many men look sexy in?","- Baseball - Football - Soccer - Basketball"
Family Feud,"In which occupation, women are portrayed as sexy?","- Nurse - Doctor - Lawyer - Model"
Family Feud,"Why do you want to take your child out of a movie?","- Bad language - Crying during movie - Violence - Sex scene"
Family Feud,"Which Halloween costume do adults wear in order to look sexy?","- Nurse - Maid - Devil - Cat"
Family Feud,"Which accent do many Americans consider sexy?","- French - Italian - Spanish - British"
Family Feud,"What is something that you do with your face and considered sexy?","- Wear makeup - Smile - Mask - Skincare"
Family Feud,"What cowboy wears that makes them sexy?","- Hat - Jeans - Chaps - Boots"
Family Feud,"Why do parents want to know sex of baby later?","- Clothes - Name - Decorate room - Curious"
Family Feud,"Why do parents wait to name their baby until they are born?","- Find out sex - Looks - Personality - Indecisive"
Family Feud,"What is a sexist piece of clothing that women wear in public?","- Skirt - Swim suit - High heels - Shorts - Jeans"
Family Feud,"What an athlete can’t do the night before a big game?","- Drink - Have sex - Stay up late - Eat too much"
Family Feud,"What is a famous cocktail?","- Bloody mary - Cosmopolitan - Margarita - Manhattan"
Family Feud,"When you’re exhausted, what do you want to avoid doing?","- Cook - Housework - Homework - Talk"
Family Feud,"What sports do women think is sexy to watch?","- Basketball - Hoops - Baseball - Soccer"
Family Feud,"Other than his appearance, what does man think that makes them sexy?","- Personality - Brain - Sound of voice - Timber"
Family Feud,"Why do people prefer summer over winter?","- Warm weather - Clothes - Beach - No snow"
Family Feud,"Other than eating lunch, what do people do during their lunch hour?","- Sleep or nap - Exercise - Read - Shop"
Family Feud,"How much money do you owe?","- $1000 - $2000 - $5000 - $10,000"
Family Feud,"An eye for an eye is an expression that contains the word eye, what can be another one?","- Beauty is in the eye of beholder - Apple of my eye - Cross my heart, hope is die, stick a needle in my eye - I have eyes in the back of my head"
Family Feud,"What’s something that you find in the chef’s salad?","- Lettuce - Ham - Boiled eggs - Tomato"
Family Feud,"What is associated with Zorro?","- Sword - “Z” - Mask - Cape"
Family Feud,"What kind of “how to book” would interest you most?","- Cook - Lose weight - Decorate - Make money"
Family Feud,"Complete this sentence: The true measure of success is having a great ______.","- Family - Life - Bank account - Job or career"
Family Feud,"Choose a name you would like to call your grandmother.","- Grandma - Mama - Mom mom - Mima"
Family Feud,"Which occupation should a bad driver avoid?","- Truck driver - Taxi driver - Delivery - Auto racing"
Family Feud,"What is something that people make reservations for?","- Dinner - Hotels - Airplane - Tours"
Family Feud,"What woman never forgets about her fiance’s marriage proposal?","- The way he asked for - The place - The size of ring"
Family Feud,"What is something you have that a neighbor might try to borrow?","- Sugar - Lawn mowers - Ladder - Shovel"
Family Feud,"Which phrase starts with the word happy?","- Birthday - New year - Anniversary - Days"
Family Feud,"How much more money would you make for a good raise?","- 1% - $100 per week - 5% - $50 per week"
Family Feud,"Which type of business do people call where they expect to be put on hold?","- Doctor office - Phone company - Bank - Insurance company"
Family Feud,"What is something that children have difficulty learning to use?","- Toilet - Eating utensils - Bicycle - Talking"
Family Feud,"Which subject do people know lots of trivia about?","- Sports - Entertainment - History - Politics"
Family Feud,"What do you see in a mansion?","- Chandeliers - Painting - Staircase - Antique"
Family Feud,"Which is your favorite activity for burning calories?","- Walking - Running - Swimming - Bike riding"
Family Feud,"Which word or phrase is used exclusively by the British?","- Bloody - Tallyho - Cheerio - Ta-ta"
Family Feud,"If you are right handed then what is something that you can’t do with your left hand?","- Write - Comb hair - Swing a baseball bat - Throw a ball"
Family Feud,"What excuse do teenagers give to their parents for coming home late?","- Car trouble - Lost track of time - Ran out of gas - No one would bring me"
Family Feud,"What is something that comes in a spray bottle?","- Window cleaner - Hairspray - Shower cleaner - Perfume"
Family Feud,"What is the kind of person on display in wax museums?","- Performers - World leaders - Royalty - Murderers"
Family Feud,"What is a thing that has wooden legs?","- Chair or stool - Table - Pinocchio - Rocking horse"
Family Feud,"Name one invention that you are glad was invented.","- TV - Telephone - Automobile - Computer - Electricity"
Family Feud,"What is something that makes it hard to get out of bed?","- Tired - Rain - Comfort - Cold"
Family Feud,"What is a thing that makes people blink?","- Bright light - Dry eyes - Dust - Smoke"
Family Feud,"Where do you usually see an antenna?","- Roof - House - Car - Radio"
Family Feud,"Which drink tastes best when you get chilled or cold?","- Beer - Coca cola - Iced tea - Water"
Family Feud,"If you own a gun, where would you like to keep it?","- Closet - Lock cabinet - Night stand - Under bed"
Family Feud,"Which word has ski in it?","- Skiing - Skid - Skin - Skip"
Family Feud,"Other than engines, what is under the hoods of cars?","- Battery - Radiator - Carburetor - Spark plugs"
Family Feud,"Which work is used to describe the diamonds?","- Sparking - Brilliant - Ice - Expensive"
Family Feud,"What is one thing that little kids sent to their room for more than any other?","- Talking back - Fighting - Misbehaving - Not listening"
Family Feud,"If you get arrested and can make only one phone call then whom would you call?","- Spouse - Parents - Lawyer - Sibling"
Family Feud,"In which closet you don’t want to put clothes in?","- Linen - Pantry - Storage - Utility"
Family Feud,"Where do people often put their name?","- Personal check - Mailbox - Suitcase or luggage - Office supplies"
Family Feud,"Which occasion do people forget frequently?","- Anniversary - Birthday - Valentine’s day - Father’s day"
Family Feud,"What is something that men’s magazines give tips on?","- Women - Health - Grooming - Exercising"
Family Feud,"What is something that married couples often fight over?","- Budgets and finances - Kids - Sex - Chores - In-laws"
Family Feud,"What can be an excuse to not have the weekly fare night with your spouse?","- Too tired - Kids - Too busy - Don’t have a plan"
Family Feud,"What can be a thing that people might do for a date night?","- Dinner - Movie - Play games - Sex"
Family Feud,"What can be the reason a person might say they love being married?","- Sex - Companionship - Emotional support - Not being single"
Family Feud,"What is a thing that spouses often do to show their love and emotion?","- Buy flowers - Hug and kiss - Giving gifts - Writing love note"
Family Feud,"What is something people found hard about getting married?","- Communication - Compromise - Sharing - Not enough alone time"
Family Feud,"Name a popular married couple (past or present) with an ideal marriage?","- Barack and Michelle Obama - George and Barbara Bush - Tim McGraw and Faith Hill - Chip and Joanna Gaines"
Family Feud,"What is the common place where people get married?","- Church - Mosque - Temple - The beach"
Family Feud,"What is the most common gift that <a href="https://thepleasantconversation.com/newlywed-game-questions/" data-wpel-link="internal" rel="follow noopener noreferrer">newly married couples</a> might receive in large quantities?","- Toaster - Towel - Dishes - Slow cooker - Blender"
Family Feud,"What can be the greatest gift to give <a href="https://thepleasantconversation.com/newlywed-game-questions/" data-wpel-link="internal" rel="follow noopener noreferrer">newlyweds</a>?","- Money - Cards - For date night - Games"
Family Feud,"What is something that a spouse might not like doing around their partner?","- Farting - Using bathroom - Picking the nose - Shopping online"
Family Feud,"What can a wife tell her husband he needs to change?","- Clothes - Underwear - Attitude - Haircut"
Family Feud,"What is a thing that couples stop doing after getting married?","- Dating - Sex - Flirting - Talking"
Family Feud,"What should a husband do for his wife to apologize for any mistake?",
<ol><li>Buy flowers - Cleaning - Giving gifts - Cook dinner</li></ol>
Family Feud,"Where do couples often go for date nights?","- Movie theater - Restaurant - Bowling alley - Amusement park"
Family Feud,"What is the most necessary thing you should consider while planning a date?","- Time - Babysitting - Cost - Your interest"
Family Feud,"Which is a thing that you might do on a romantic day with your partner?","- Picnic - Sleep in - Go on a hike - Have sex"
Family Feud,"What are the features of your spouse that are most likely to attract you?","- Eyes - Smile - Personality - Butt"
Family Feud,"What is the most important thing that a couple has to pick up for their wedding?","- Venue - Rings - Date - Food"
Family Feud,"What is a type of party centered around a couple?","- Anniversary party - Engagement party - Wedding reception - Bridal shower"
Family Feud,"What’s an activity that is more fun to do with your partner?","- Sex - Games - Dancing - Travel"
Family Feud,"What is a thing that a woman changes that her husband might not notice?","- Hair - Makeup - Nails - Perfume - Clothes"
Family Feud,"Which is a food that is related to romance?","- Chocolate - Strawberry - Pasta - Whip cream"
Family Feud,"What is something that you and your spouse might share on a date?","- Dessert - Meal - Popcorn - Kiss"
Family Feud,"Which advice do newlyweds often receive?","- Don’t go to bed angry - Fight naked - Keep dating each other - Budget the money"
Family Feud,"On which occasion do couples have formal pictures taken together?","- Wedding - Engagement - Anniversary - Prom"
Family Feud,"Whom do you want at your wedding but not at the honeymoon?","- Parents - In-laws - The pastor - Children"
Family Feud,"What can be the reason a married couple might sleep in separate beds?","- Arguing - Snoring - Sick - No attachment"
Family Feud,"What is a thing that a new couple dies more often than a couple who has been together for a while?","- Show affection - Intercourse - Go out - Cook together"
Family Feud,"What is something that couples wouldn’t do in public?","- Fight - Feed each other - Baby talk - Kiss"
Family Feud,"What is a thing a couple should not do until they have known each other for a long time?","- Become intimate - Get married - Live together - Have kids"
Family Feud,"Which married couple’s marriage you don’t want to emulate?","- Al/Peggy Bundy - Homer/Marge Simpson - RoseAnn/Dan Conner - Archie/Edith Bunker"
Family Feud,"When jobs around the house might take turns doing?","- Dishes - Laundry - Cooking - Take out trash"
Family Feud,"What is something that couples worry less about after having children?","- Money - Intimacy - Time - Privacy"
Family Feud,"Where did the couple go on a date in their fifties and they don’t go anymore?","- Drive in movie - Soda fountain - Dinner - Lovers lane"
Family Feud,"Which public place would you like every married couple to show affection to?","- Park - Movie theater - Restaurants - Beach"
Family Feud,"What is something a couple might save from their wedding day?","- Cake - Picture - Ring - Wedding dress"
Family Feud,"When a couple breaks up, what might they want back?","- Clothes - Ring - Music - Pet"
Family Feud,"Which place fits a couple to start smooching?","- Place of worship - Park - Restaurants - Mall"
Family Feud,"Without seeing the baby, how will you tell if a couple has a newborn in the house?","- Nursery - Nappies - Sobbing - Weeping"
Family Feud,"What can be the worst place a couple could go on for their honeymoon?","- Mother - Parents place - Step-parent - Father"
Family Feud,"Why might a couple fight on their anniversary?","- Zero - Forgot - None - Present"
Family Feud,"What dreams about the future couples pillow talk about?","- Apartment - Flat - Retirement - Home"
Family Feud,"Which game do teenargers often play at parties?","- Twister - Spin the bottle - Quarters - Cards"
Family Feud,"What is the milestone for most teenagers?","- Driver’s license - Graduation - First kiss - College"
Family Feud,"What do teenagers act with their families at the Christmas holiday that they might be embarrassed to have known?","- Sing carols - Show affection - Dance - Play family games"
Family Feud,"What is something that kids start to care more about once they are teenagers?","- Looks - Clothes - Dating - Money - Driving"
Family Feud,"What is something that teenagers stress out about?","- School - Looks or acne - Dating - Friends"
Family Feud,"Which magazines have the highest chances to be bought by a teenager?","- Seventeen - Teen - Tiger beat - Teen people"
Family Feud,"What is a thing that teenagers do that they will kick themselves for later in life?","- Drink and smoke - Bad grades - Drop out - Dating"
Family Feud,"What is a thing that teenagers would do in the 50s?","- Danced - Wore poodle skirts - Hula hoop - Cruise in the car"
Family Feud,"Why do most teenagers want to get older?","- Drive - Drink - Move out - Date"
Family Feud,"What is something that teenagers spend more time doing as compared to adults?","- Texting - Sleeping - Watching TV - Internet"
Family Feud,"What is a thing that you are sure to run out of if you have teenagers?","- Food - Money - Patience"
Family Feud,"What act of teenagers makes their parents angry?","- Stay our - Talk back - Smoke - Lie"
Family Feud,"What stereotype about teenagers is often untrue?","- Irresponsible - Smoke or drink - Bad manners - Loud"
Family Feud,"What is something that teens feel ashamed to do in front of their families?","- Buying - Boutique - Purchasing - Movies"
Family Feud,"What is the summer job that a lot of teenagers get?","- Wendys - Mcdonald’s - Burger king - Pizza hut"
Family Feud,"What is the reason teenagers don’t like their high school?","- Professors - Educators - Cool teachers - Football team"
Family Feud,"What is something in the house that is very difficult to move?","- Piano - Stove - Refrigerator - Dresser"
Family Feud,"Name a word that completes the phrase “Mad_______.”","- Libs - Hatter - Men - World"
Family Feud,"Name a state we are not sure how to spell.","- Illinois - Mississippi - Hawaii - Massachusetts"
Family Feud,"What is a girl’s name that starts with L?","- Linda - Laura - Lauren - Lisa"
Family Feud,"Name a word that follows the word “ginger”.","- Ale - Bread - Snap - Beer"
Family Feud,"What is a kind of knife?","- Paring - Hunting - Steak - Butter"
Family Feud,"Which food often gets judged at a state fair?","- Pie - Chili - Ribs - Pickled vegetables"
Family Feud,"Which is a dental procedure that people loathe?","- Root canal - Cavity filling - Braces - Plaque removal"
Family Feud,"What can be a noisy insect?","- Bee - Cricket - Cicada - Beetle"
Family Feud,"What do people really want to wear until it falls apart?","- Shoes - Jeans - Underwear - Socks"
Family Feud,"Name a word that starts with “para.”","- Paralegal - Parallel - Paragraph - Parachute"
Family Feud,"What is something a parent takes away from a teenager as punishment?","- Television - Computer - Car - Cell phone"
Family Feud,"What is the part of the body that needs the most exercise?","- Legs - Stomach - Back - Arms"
Family Feud,"What is something we drink warmer?","- Tea - Milk - Hot chocolate - Coffee"
Family Feud,"Which city is best known for its nightlife?","- Las vegas - New york - Miami - Los Angeles"
Family Feud,"Which place do we often find an elevator?","- Hotel - Mall - Hospital - Office building"
Family Feud,"Which music style would we be surprised to hear that a teenager listened to?","- Country - Jazz - Opera - Classical"
Family Feud,"Out of the ten blind dates, how many are winners?","- 5 - 3 - 6 - 2"
Family Feud,"Which food do people buy most during the month?","- Bread - Meat - Vegetables - Milk"
Family Feud,"Name a word or phrase that starts with the brain.","- Brain freeze - Brain trust - Brain fart - Brain teaser"
Family Feud,"What is something that can last all night?","- Sleep - Party - Sleepover - Television show"
Family Feud,"What is a thing that a farmer can sell if he needs the money too fast?","- Tractor - Animals - Vegetables - Barn"
Family Feud,"What is something that a husband can’t keep his hands off?","- TV remote - His car - Wife body - His phone"
Family Feud,"Which is something that can grow on feet?","- Bunion - Corns - Ingrown nail - Wart"
Family Feud,"Which sport is played on the field?","- Football - Soccer - Baseball - Lacrosse"
Family Feud,"What is something you can fill with air?","- Balloons - Tires - Diving kit - Beach ball"
Family Feud,"What is something that you do not learn in school?","- Parenting - Manners - House chores - Religion"
Family Feud,"What is something that moves really slowly?","- Elderly people - Snails - Sloths - Turtles"
Family Feud,"Name something you think of in Spain?","- Mediterranean - Food - Dancing - Moors"
Family Feud,"What are things that people are most afraid of?","- Spiders - Heights - Other people - Dying"
Family Feud,"What is something that goes up and down?","- Roller coaster - Airplane - Thermometer - Elevator"
Family Feud,"What is something that makes a lot of noise?","- A rock band - A college dorm - Race cars - A party"
Family Feud,"What is something that is related to goldfish?","- Fish bowl - Kids - Swimming - Fish food"
Family Feud,"What is something that friends might swap?","- Clothes - Email - Jewelry - Jokes"
Family Feud,"What is something you buy from all the rolls?","- Toilet paper - Paper towel - Coins - Stamps"
Family Feud,"What is something that a police officer has to give up when they retire?","- Handguns - Rifle - Firearm - Revolver"
Family Feud,"Which place do you think might have a waiting list?","- Restaurant - Doctor clinic - Hospital - Cafeteria"
Family Feud,"Which supply do you think office managers frequently reorder?","- Pics - Newspaper - Paper clips - Paper"
Family Feud,"Which occupation do you think is the line in which you might have to hurt someone?","- Fuzz - Police officer - Cops - Player"
Family Feud,"Which occupation needs a uniform?","- Fuzz - Police officer - Officer"
Family Feud,"Which office responsibility the boss considered to be beneath them?","- Cappuccino - Latte - Garbage"
Family Feud,"What is something that people gossip about in an office?","- Manager - Deskmates - Colleagues - Workmates"
Family Feud,"In which job you might have to work all night?","- Bodyguard - Security guard - Police officer - Ward"
Family Feud,"Name the business where you hear a lot of people complain about the service.","- Eatery - Office - Post office - Restaurants"
Family Feud,"Name someone who might knock at your door and this makes you pretend like you are not home.","- Bill collector - Census - In-laws - Police officer"
Family Feud,"Which is a thing that you wish you got at the office?","- Photocopier - Computer - Printer - Coffee maker"
Family Feud,"Name something specific for which people receive a badge, ribbon or medal.","- Saving a life - Track And field - Boy scouts - Police officer"
Family Feud,"Which romantic movie do people like to rent?","- Sleepless in Seattle - Titanic - An officer and a gentleman - Gone with the wind - Pretty woman"
Family Feud,"What is something that you find in the lobby of a post office?","- Stamp machine - Boxes - Postcard - Mailbox"
Family Feud,"Which occupation has there no room for mistakes?","- Doctor - Hairdresser - Police officer - Lawyer"
Family Feud,"Where do you often see husbands standing around waiting for their wives?","- Beauty shop - Public restroom - Store - Doctor office"
Family Feud,"Why might someone tell you to close your eyes?","- Playing game - Dress warmly - Doctor clinic - Kissing"
Family Feud,"Other than students, what is something you see in most high school hallways?","- Lockers - Teachers - Cabins - Classrooms"
Family Feud,"What’s something students use in math class?","- Calculator - Pencil - Geometry box - Scale"
Family Feud,"Why might a student have to raise their hand in class?","- Bathroom - Ask questions"
Family Feud,"Name a way a student finds out on a snow day.","- Radio - Parents - Internet - Play ground"
Family Feud,"What’s something first year college students should learn how to do on their own?","- Laundry - Cooking - Making bed - Going out"
Family Feud,"What’s something students would not want the teacher to catch them doing?","- Cheating - Talking - Waking - Laughing"
Family Feud,"What’s something that a big school student might buy?","- Car - Phone - Laptop - Books"
Family Feud,"Why would a student raise his hands in class?","- Bathroom - Drinking water - Asking questions"
Family Feud,"What’s something a student might buy that has their school emblem on it?","- Jacket - Polo shirt - Pants - Sports shoes"
Family Feud,"What is something a teacher might have a student do in an emergency drill?","- Leave classroom - Exit building - Going bathroom - Line up"
Family Feud,"What is something that students would probably get rid of if they ran the schools?","- Teachers - Books - Tests - Exam"
Family Feud,"What is something a student takes to school?","- Books - Bag - Lunch - Pen"
Family Feud,"Which class has most students in college but not in high school?","- Psychology - Chemistry - Biology - Calculus - Physics"
Family Feud,"What is the reason a college student would stay with parents on the weekend instead of their own room?","- Better food - Laundry - Special occasion - Peace and quiet"
Family Feud,"Other than curtains, what’s something college students use to cover windows?","- Bedsheet - Blinds - Blanket - Towels"
Family Feud,"What’s something a teacher can do to ruin a student’s day?","- Keep them late - Give test - Pop quiz - Tell them"
Family Feud,"Name an animal that you wouldn’t kiss on the lips for a million dollars.","- Snake - Tiger - Hippo - Pig"
Family Feud,"In your nightmare, which place is where you suddenly discover you are naked?","- Work - School - Park - Church"
Family Feud,"Name a phrase or word which has the word dirty in it.","- Dirty laundry - Dirty dancing - Dirty Harry - Dirty mind"
Family Feud,"What is something that people usually do at 11:30 pm?","- Go to bed - Watch the news - Eat or drink"
Family Feud,"What kind of person might wear a mask often?","- Doctor - Thief - Fireman - Clown"
Family Feud,"What is something that might get overloaded?","- Washing machine - Electric circuit - Computer"
Family Feud,"Which type of event is in the summer Olympics?","- Track and field - Swimming - Gymnastics - Basketball"
Family Feud,"Which food comes in the shape of a ring?","- Onion - Donuts - Pinto - Stallion"
Family Feud,"Name a phrase that starts with the “Feel the__”.","- Love - Pain - Power - Difference"
Family Feud,"What is a thing that people consider manly?","- Lifting weights - Fixing cars - Playing football - Hunting"
Family Feud,"What’s something that comes in chunks?","- Chocolate - Cheese - Pineapple - Chicken"
Family Feud,"What’s something that women do when they feel a need for change?","- Make over - Shopping - Cut their hair - Exercise"
Family Feud,"Which complaint do you often hear about your daughter in law?","- Not good enough - Controlling - Can’t cook - Can’t clean"
Family Feud,"Which vegetable you can’t eat in one bite?","- Carrot - Corn - Potato - Tomato"
Family Feud,"Which occupation should someone with a fear of heights never consider?","- Window washer - Pilots - Roofer - Skydiver"
Family Feud,"What’s something that people have to clean for them?","- Carpet - House - Suits - Car"
Family Feud,"Which palace has assigned sitting?","- School - Park - Restaurant - Concert"
Christmas,"What's your favorite Christmas carol?"
Christmas,"Choose a color for your ideal Christmas decorations."
Christmas,"Name a classic Christmas movie."
Christmas,"Pick a winter activity you enjoy the most."
Christmas,"What's your go-to hot drink during winter?"
Christmas,"Choose a traditional Christmas dessert."
Christmas,"Name a popular Christmas gift for kids."
Christmas,"What's your preferred method of holiday travel?"
Christmas,"Pick a common Christmas tree ornament."
Christmas,"Choose a festive holiday scent."
Christmas,"Name a winter sport you'd like to try."
Christmas,"What's your favorite type of holiday cookie?"
Christmas,"Select a famous Christmas character."
Christmas,"Choose a winter accessory you wear often."
Christmas,"Name a place you'd like to spend your winter vacation."
Christmas,"What's your ideal Christmas dinner main course?"
Christmas,"Pick a popular holiday beverage."
Christmas,"Name a winter-themed board game."
Christmas,"Choose a classic Christmas story."
Christmas,"What's your favorite winter-themed song?"
Christmas,"Pick a type of holiday lights."
Christmas,"Name a famous winter festival."
Christmas,"Choose a Christmas tradition you enjoy."
Christmas,"What's your preferred type of winter weather?"
Christmas,"Pick a common Christmas Eve activity."
Christmas,"Name a singer with a Christmas number 1?"
Christmas,"What’s your favourite Christmas song?"
Christmas,"What’s your Christmas guilty pleasure (song)?"
Christmas,"What’s your Christmas guilty pleasure (film)?"
Christmas,"What is the most overrated/underrated/best/worst Christmas song, film, tv programme, food, advert etc?"
Christmas,"Name a food you’d leave for Father Christmas?"
Christmas,"Name a food you’d leave for Rudolph?"
Christmas,"What do you have for breakfast on Christmas Day?"
Christmas,"What’s your favourite day of the festive period?"
Christmas,"Name a drink you have at Christmas/only have at Christmas?"
Christmas,"Name something which always makes you feel Christmassy?"
Christmas,"Do you like [insert Christmas themed thing here] - eg: Christmas pudding? Eggnog? Christmas markets?"
Christmas,"Name a gift from the three wise men?"
Christmas,"Name a character from the nativity (excluding Jesus!)"
Christmas,"Name a Christmas carol"
Christmas,"Name a sport you associate with Christmas?"
Christmas,"What’s your favourite board game to play at Christmas?"
Christmas,"Do you prefer hosting or visiting at Christmas?"
Christmas,"What’s your favourite part of the Christmas dinner?"
Christmas,"What’s your favourite part of Christmas Day?"
Christmas,"When does Christmas start?"
Christmas,"When does Christmas end?"
Christmas,"Name a place which makes you think of Christmas?"
Christmas,"Give another name for Father Christmas/Santa?"
Christmas,"Name a reindeer"
Christmas,"Name a part of Christmas you dread!"
Christmas,"Name a character from a Christmas film (non-human)"
Christmas,"Name a character from a Christmas film (human)"
Christmas,"Name something you’d only do at Christmas?"
Christmas,"Do you wish it could be Christmas everyday?"
Christmas,"Where would you spend Christmas if you could go anywhere?"
Christmas,"Which scent makes you think of Christmas?"
Christmas,"Name a decoration you put up at Christmas/put on the tree (slightly different as the former includes wreaths etc)"
Christmas,"Does tinsel belong on a tree?"
Christmas,"Have you ever been hungover on Christmas Day?"
Christmas,"What TV programme are you most looking forward to watching this Christmas?"
Christmas,"Do you believe in Father Christmas (good for intergenerational games) (or when did you find out the truth about FC 😭)"
Christmas,"At what age were you most excited for Christmas?"


Flash Card,""
Flash Card,"What is the best flavour of chips"
Flash Card,"Name something that adults might hate to share"
Flash Card,"What is the most boring sport to watch live?"
Flash Card,"Name a very cold country"
Flash Card,"Name the biggest fruit you can fit in your mouth without chopping it up."
Flash Card,"Name an occupation beginning with B."
Flash Card,"At what time does breakfast become lunch?"
Flash Card,"What is the best room in the house?"
Flash Card,"The key to a successful relationship is____ing together"
Flash Card,"Name something people might only do once a week."
Flash Card,"Name something you keep in your car."
Flash Card,"Name ways to get rich quickly."
Flash Card,"Name something you might do at night."
Flash Card,"Fill in the blank: I did everything for my guy and I never got a ____."
Flash Card,"Name a place that's filled with people who don't want to be there"
Flash Card,"Name something that might be referred to as a dead end."
Flash Card,"Name a good place to go when you want to cry."
Flash Card,"You know a guy is really into you if he kisses your what?"
Flash Card,"Name a place you'd hate to spend even one night."
Flash Card,"Name something you'd hate to have happen while you're taking a bath."
Flash Card,"Name things that people lie about on resumes"
Flash Card,"Name a qualitiy of a bad boss"
Flash Card,"Other than illness, name an acceptable excuse for missing work"
Flash Card,"On which topic might a mother give advice to her daughter?"
Flash Card,"Who do you really hope not to run into when you are out on a date?"
Flash Card,"Name something that grows faster than you want it to"
Flash Card,"We asked 100 Vancouverites: How much do you tip for good service?"
Flash Card,"Name something that you wouldn't want to leave at home."
Flash Card,"Name something people regularly underestimate."
Flash Card,"Name a college major that you wouldn't want to do."
Flash Card,"What gets passed around"
Flash Card,"People that have friends: How?"
Flash Card,"Name things you never want your kid to bring home"
Flash Card,"Name questions you fear being asked at family reunions."
Flash Card,"Name a gift that might be insulting to receive on Xmas."